date,run_id,run_attempt,workflow,trigger,status,stage,started_at,ended_at,duration_seconds,total_papers,cs_ir_papers,cs_cl_papers,cs_cv_papers,rough_rank_total,rough_rank_success,rough_rank_failed,fine_rank_total,fine_rank_success,fine_rank_failed,avg_rough_score,avg_fine_score,daily_json_written,html_generated,error
20260528,26554546735,1,arxiv_daily_full,workflow_dispatch,success,completed,2026-05-28T04:24:36+00:00,2026-05-28T04:36:20+00:00,704,353,26,191,136,336,335,1,20,20,0,2.11,7.4,true,true,
20260528,26560093034,1,arxiv_daily_full,schedule,success,completed,2026-05-28T07:06:35+00:00,2026-05-28T07:14:58+00:00,503,353,26,191,136,336,334,2,20,20,0,2.19,7.55,true,true,
20260529,26623384427,1,arxiv_daily_full,schedule,failed,fetch,2026-05-29T07:07:03+00:00,2026-05-29T08:21:18+00:00,4455,0,0,,,0,0,0,0,0,0,0,0,false,false,arXiv API 请求多次失败: 429 error from https://arxiv.org/api/query
20260529,26623384427,1,arxiv_daily_full,schedule,failed,fetch,2026-05-29T08:51:19+00:00,2026-05-29T10:04:06+00:00,4367,0,0,,,0,0,0,0,0,0,0,0,false,false,arXiv API 请求多次失败: 429 error from https://arxiv.org/api/query
20260529,26623384427,1,arxiv_daily_full,schedule,success,completed,2026-05-29T11:04:06+00:00,2026-05-29T12:40:18+00:00,5772,332,24,153,155,309,307,2,20,20,0,2.21,7.75,true,true,
20260530,26676965312,1,arxiv_daily_full,schedule,success,completed,2026-05-30T06:33:10+00:00,2026-05-30T06:39:53+00:00,403,0,0,0,0,0,0,0,0,0,0,0,0,false,true,
20260530,26682568922,1,arxiv_daily_recovery,schedule,success,completed,2026-05-30T11:24:50+00:00,2026-05-30T11:41:19+00:00,989,0,0,0,0,0,0,0,0,0,0,0,0,false,true,
20260531,26706121884,1,arxiv_daily_full,schedule,success,completed,2026-05-31T07:08:49+00:00,2026-05-31T07:14:16+00:00,327,0,0,0,0,0,0,0,0,0,0,0,0,false,true,
20260531,26711634597,1,arxiv_daily_recovery,schedule,success,completed,2026-05-31T11:43:00+00:00,2026-05-31T11:49:18+00:00,378,0,0,0,0,0,0,0,0,0,0,0,0,false,true,
20260601,26744702865,1,arxiv_daily_full,schedule,failed,fetch,2026-06-01T08:48:07+00:00,2026-06-01T10:05:30+00:00,4643,0,0,0,,0,0,0,0,0,0,0,0,false,false,arXiv API 请求多次失败: 429 error from https://arxiv.org/api/query
20260601,26744702865,1,arxiv_daily_full,schedule,success,completed,2026-06-01T10:35:30+00:00,2026-06-01T11:53:19+00:00,4669,0,0,0,0,0,0,0,0,0,0,0,0,false,true,
20260601,26766869843,1,arxiv_daily_recovery,schedule,success,completed,2026-06-01T16:10:54+00:00,2026-06-01T17:41:27+00:00,5433,0,0,0,0,0,0,0,0,0,0,0,0,false,true,
20260602,26807105613,1,arxiv_daily_full,schedule,success,completed,2026-06-02T08:11:16+00:00,2026-06-02T08:57:35+00:00,2779,307,14,120,173,289,289,0,20,20,0,2.05,8.0,true,true,
20260603,26873154409,1,arxiv_daily_full,schedule,failed,fetch,2026-06-03T08:31:55+00:00,2026-06-03T09:46:12+00:00,4457,0,0,,,0,0,0,0,0,0,0,0,false,false,arXiv API 请求多次失败: 429 error from https://arxiv.org/api/query
20260603,26873154409,1,arxiv_daily_full,schedule,failed,fetch,2026-06-03T10:16:12+00:00,2026-06-03T11:27:29+00:00,4277,0,0,,,0,0,0,0,0,0,0,0,false,false,arXiv API 请求多次失败: 429 error from https://arxiv.org/api/query
20260603,26873154409,1,arxiv_daily_full,schedule,failed,fetch,2026-06-03T12:27:29+00:00,2026-06-03T13:39:43+00:00,4334,0,0,,,0,0,0,0,0,0,0,0,false,true,arXiv API 请求多次失败: 429 error from https://arxiv.org/api/query
20260603,26892538068,1,arxiv_daily_recovery,schedule,failed,fetch,2026-06-03T14:46:50+00:00,2026-06-03T16:00:28+00:00,4418,0,0,,,0,0,0,0,0,0,0,0,false,false,arXiv API 请求多次失败: 429 error from https://arxiv.org/api/query
20260603,26892538068,1,arxiv_daily_recovery,schedule,failed,fetch,2026-06-03T16:30:28+00:00,2026-06-03T17:42:17+00:00,4309,0,0,,,0,0,0,0,0,0,0,0,false,false,arXiv API 请求多次失败: 429 error from https://arxiv.org/api/query
20260603,26892538068,1,arxiv_daily_recovery,schedule,success,completed,2026-06-03T18:42:17+00:00,2026-06-03T19:13:31+00:00,1874,172,10,70,92,159,159,0,20,20,0,2.03,6.7,true,true,
20260604,26939029453,1,arxiv_daily_full,schedule,failed,fetch,2026-06-04T08:03:18+00:00,2026-06-04T09:17:35+00:00,4457,0,0,,,0,0,0,0,0,0,0,0,false,false,"arXiv API 请求多次失败: HTTPSConnectionPool(host='export.arxiv.org', port=443): Read timed out. (read timeout=30)"
20260604,26939029453,1,arxiv_daily_full,schedule,failed,fetch,2026-06-04T09:47:36+00:00,2026-06-04T11:01:19+00:00,4423,0,0,,,0,0,0,0,0,0,0,0,false,false,arXiv API 请求多次失败: 429 error from https://arxiv.org/api/query
20260604,26939029453,1,arxiv_daily_full,schedule,success,completed,2026-06-04T12:01:20+00:00,2026-06-04T12:41:42+00:00,2422,211,24,97,90,194,193,1,20,20,0,2.38,8.0,true,true,
20260605,27002586420,1,arxiv_daily_full,schedule,success,completed,2026-06-05T07:49:57+00:00,2026-06-05T08:01:38+00:00,701,256,15,133,108,244,244,0,20,20,0,2.12,7.9,true,true,
20260606,27055251953,1,arxiv_daily_full,schedule,success,completed,2026-06-06T06:41:36+00:00,2026-06-06T06:47:30+00:00,354,0,0,0,0,0,0,0,0,0,0,0,0,false,true,
20260606,27061240391,1,arxiv_daily_recovery,schedule,success,completed,2026-06-06T11:37:55+00:00,2026-06-06T11:44:43+00:00,408,0,0,0,0,0,0,0,0,0,0,0,0,false,true,
20260607,27085857826,1,arxiv_daily_full,schedule,success,completed,2026-06-07T07:15:47+00:00,2026-06-07T07:22:13+00:00,386,0,0,0,0,0,0,0,0,0,0,0,0,false,true,
20260607,27091734726,1,arxiv_daily_recovery,schedule,success,completed,2026-06-07T11:52:11+00:00,2026-06-07T11:58:50+00:00,399,0,0,0,0,0,0,0,0,0,0,0,0,false,true,
20260608,27125168091,1,arxiv_daily_full,schedule,success,completed,2026-06-08T08:25:47+00:00,2026-06-08T08:32:15+00:00,388,0,0,0,0,0,0,0,0,0,0,0,0,false,true,
20260608,27143729321,1,arxiv_daily_recovery,schedule,success,completed,2026-06-08T14:14:29+00:00,2026-06-08T14:20:10+00:00,341,0,0,0,0,0,0,0,0,0,0,0,0,false,true,
20260609,27189516439,1,arxiv_daily_full,schedule,success,completed,2026-06-09T07:01:09+00:00,2026-06-09T07:12:38+00:00,689,233,10,101,122,223,223,0,20,20,0,1.86,6.85,true,true,
20260610,27261485382,1,arxiv_daily_full,schedule,success,completed,2026-06-10T07:50:28+00:00,2026-06-10T07:58:32+00:00,484,211,15,92,104,201,201,0,20,20,0,2.31,7.55,true,true,
20260611,27333590165,1,arxiv_daily_full,schedule,success,completed,2026-06-11T08:19:03+00:00,2026-06-11T08:26:35+00:00,452,206,15,86,105,195,195,0,20,20,0,1.95,6.5,true,true,
20260612,27403054113,1,arxiv_daily_full,schedule,success,completed,2026-06-12T08:04:58+00:00,2026-06-12T08:12:45+00:00,467,190,10,91,89,182,182,0,20,20,0,1.84,7.7,true,true,
20260613,27459930853,1,arxiv_daily_full,schedule,success,completed,2026-06-13T07:09:06+00:00,2026-06-13T07:14:25+00:00,319,0,0,0,0,0,0,0,0,0,0,0,0,false,true,
20260613,27466072938,1,arxiv_daily_recovery,schedule,success,completed,2026-06-13T11:56:48+00:00,2026-06-13T12:02:08+00:00,320,0,0,0,0,0,0,0,0,0,0,0,0,false,true,
20260614,27492595250,1,arxiv_daily_full,schedule,success,completed,2026-06-14T07:59:53+00:00,2026-06-14T08:04:20+00:00,267,0,0,0,0,0,0,0,0,0,0,0,0,false,true,
20260614,27498153771,1,arxiv_daily_recovery,schedule,success,completed,2026-06-14T12:00:52+00:00,2026-06-14T12:06:13+00:00,321,0,0,0,0,0,0,0,0,0,0,0,0,false,true,
20260615,27537535151,1,arxiv_daily_full,schedule,success,completed,2026-06-15T09:40:59+00:00,2026-06-15T09:47:07+00:00,368,0,0,0,0,0,0,0,0,0,0,0,0,false,true,
20260615,27558426120,1,arxiv_daily_recovery,schedule,success,completed,2026-06-15T15:49:59+00:00,2026-06-15T15:56:15+00:00,376,0,0,0,0,0,0,0,0,0,0,0,0,false,true,
20260616,27606728424,1,arxiv_daily_full,schedule,success,completed,2026-06-16T09:07:15+00:00,2026-06-16T09:14:53+00:00,458,214,12,90,112,206,205,1,20,20,0,2.09,7.65,true,true,
20260617,27676608375,1,arxiv_daily_full,schedule,success,completed,2026-06-17T08:39:48+00:00,2026-06-17T08:49:37+00:00,589,180,8,71,101,172,172,0,20,20,0,1.88,6.3,true,true,
20260618,27746497253,1,arxiv_daily_full,schedule,success,completed,2026-06-18T08:22:37+00:00,2026-06-18T08:29:34+00:00,417,178,13,70,95,167,167,0,18,18,0,1.84,7.83,true,true,
20260618,27758141402,1,arxiv_daily_full,workflow_dispatch,success,completed,2026-06-18T12:05:15+00:00,2026-06-18T12:24:09+00:00,1134,178,13,70,95,167,110,57,3,1,2,1.34,7.0,true,true,
20260622,27942734788,1,arxiv_daily_full,schedule,success,completed,2026-06-22T09:24:51+00:00,2026-06-22T09:32:26+00:00,455,0,0,0,0,0,0,0,0,0,0,0,0,false,true,
20260622,27964025596,1,arxiv_daily_recovery,schedule,success,completed,2026-06-22T15:28:12+00:00,2026-06-22T15:34:02+00:00,350,0,0,0,0,0,0,0,0,0,0,0,0,false,true,
20260623,28008381406,1,arxiv_daily_full,schedule,success,completed,2026-06-23T07:01:30+00:00,2026-06-23T07:15:10+00:00,820,218,17,75,126,209,159,50,14,10,4,1.61,5.7,true,true,
20260624,28081042829,1,arxiv_daily_full,schedule,success,completed,2026-06-24T06:58:50+00:00,2026-06-24T07:11:32+00:00,762,220,14,86,120,208,161,47,7,3,4,1.22,7.33,true,true,
20260625,28152656169,1,arxiv_daily_full,schedule,success,completed,2026-06-25T06:58:31+00:00,2026-06-25T07:09:10+00:00,639,201,17,71,113,188,146,42,4,2,2,1.16,3.0,true,true,
20260626,28222831678,1,arxiv_daily_full,schedule,success,completed,2026-06-26T07:05:34+00:00,2026-06-26T07:26:15+00:00,1241,209,19,79,111,195,141,54,12,10,2,1.5,6.0,true,true,
20260627,28281433890,1,arxiv_daily_full,schedule,success,completed,2026-06-27T06:39:32+00:00,2026-06-27T06:45:22+00:00,350,0,0,0,0,0,0,0,0,0,0,0,0,false,true,
20260627,28288116145,1,arxiv_daily_recovery,schedule,success,completed,2026-06-27T11:41:20+00:00,2026-06-27T11:45:48+00:00,268,0,0,0,0,0,0,0,0,0,0,0,0,false,true,
20260628,28314748960,1,arxiv_daily_full,schedule,success,completed,2026-06-28T07:12:14+00:00,2026-06-28T07:19:10+00:00,416,0,0,0,0,0,0,0,0,0,0,0,0,false,true,
20260628,28321292111,1,arxiv_daily_recovery,schedule,success,completed,2026-06-28T11:51:50+00:00,2026-06-28T11:59:07+00:00,437,0,0,0,0,0,0,0,0,0,0,0,0,false,true,
20260629,28358779349,1,arxiv_daily_full,schedule,success,completed,2026-06-29T08:27:50+00:00,2026-06-29T08:32:58+00:00,308,0,0,0,0,0,0,0,0,0,0,0,0,false,true,
20260629,28378349858,1,arxiv_daily_recovery,schedule,success,completed,2026-06-29T14:12:18+00:00,2026-06-29T14:30:17+00:00,1079,0,0,0,0,0,0,0,0,0,0,0,0,false,true,
20260630,28426585486,1,arxiv_daily_full,schedule,success,completed,2026-06-30T07:05:41+00:00,2026-06-30T07:20:43+00:00,902,250,19,81,150,239,173,66,11,8,3,1.3,4.25,true,true,
20260701,28502227130,1,arxiv_daily_full,schedule,failed,rough_rank,2026-07-01T07:51:50+00:00,2026-07-01T08:04:47+00:00,777,243,10,75,158,0,0,0,0,0,0,0,0,false,false,'<' not supported between instances of 'str' and 'int'
20260701,28502227130,1,arxiv_daily_full,schedule,success,completed,2026-07-01T08:34:48+00:00,2026-07-01T08:49:54+00:00,906,240,10,74,156,226,174,52,9,7,2,1.26,4.0,true,true,
20260702,28571248676,1,arxiv_daily_full,schedule,success,completed,2026-07-02T06:52:26+00:00,2026-07-02T07:04:15+00:00,709,252,13,86,153,240,182,58,10,7,3,1.3,1.29,true,true,
20260703,28643462509,1,arxiv_daily_full,schedule,failed,rough_rank,2026-07-03T06:44:46+00:00,2026-07-03T06:59:03+00:00,857,233,7,80,146,0,0,0,0,0,0,0,0,false,false,'<' not supported between instances of 'str' and 'int'
20260703,28643462509,1,arxiv_daily_full,schedule,success,completed,2026-07-03T07:29:04+00:00,2026-07-03T07:42:45+00:00,821,224,6,77,141,215,158,57,2,1,1,1.11,9.0,true,true,
20260704,28697750354,1,arxiv_daily_full,schedule,success,completed,2026-07-04T06:30:29+00:00,2026-07-04T07:23:15+00:00,3166,0,0,0,0,0,0,0,0,0,0,0,0,false,true,
20260704,28705006900,1,arxiv_daily_recovery,schedule,success,completed,2026-07-04T11:39:36+00:00,2026-07-04T11:45:27+00:00,351,0,0,0,0,0,0,0,0,0,0,0,0,false,true,
20260705,28732509488,1,arxiv_daily_full,schedule,success,completed,2026-07-05T06:52:24+00:00,2026-07-05T06:58:10+00:00,346,0,0,0,0,0,0,0,0,0,0,0,0,false,true,
20260705,28739518196,1,arxiv_daily_recovery,schedule,success,completed,2026-07-05T11:40:10+00:00,2026-07-05T11:45:25+00:00,315,0,0,0,0,0,0,0,0,0,0,0,0,false,true,
20260706,28776555382,1,arxiv_daily_full,schedule,success,completed,2026-07-06T07:57:27+00:00,2026-07-06T08:03:21+00:00,354,0,0,0,0,0,0,0,0,0,0,0,0,false,true,
20260706,28796693916,1,arxiv_daily_recovery,schedule,success,completed,2026-07-06T13:53:38+00:00,2026-07-06T14:00:19+00:00,401,0,0,0,0,0,0,0,0,0,0,0,0,false,true,
20260707,28847655237,1,arxiv_daily_full,schedule,failed,rough_rank,2026-07-07T06:57:50+00:00,2026-07-07T07:10:53+00:00,783,187,7,60,120,0,0,0,0,0,0,0,0,false,false,'<' not supported between instances of 'str' and 'int'
20260707,28847655237,1,arxiv_daily_full,schedule,success,completed,2026-07-07T07:40:53+00:00,2026-07-07T07:53:13+00:00,740,185,7,59,119,179,135,44,8,7,1,1.29,2.29,true,true,
20260708,28921495595,1,arxiv_daily_full,schedule,success,completed,2026-07-08T06:09:02+00:00,2026-07-08T06:21:01+00:00,719,183,12,61,110,175,137,38,8,5,3,1.3,3.0,true,true,
20260710,29075189200,1,arxiv_daily_full,schedule,success,completed,2026-07-10T06:57:20+00:00,2026-07-10T07:10:15+00:00,775,151,10,59,82,147,114,33,9,7,2,1.78,8.29,true,true,
20260711,29141927652,1,arxiv_daily_full,schedule,success,completed,2026-07-11T05:54:25+00:00,2026-07-11T06:00:42+00:00,377,1,0,1,0,0,0,0,0,0,0,0,0,false,true,
20260711,29150549384,1,arxiv_daily_recovery,schedule,success,completed,2026-07-11T11:11:58+00:00,2026-07-11T11:17:57+00:00,359,0,0,0,0,0,0,0,0,0,0,0,0,false,true,
20260712,29182345253,1,arxiv_daily_full,schedule,success,completed,2026-07-12T06:14:53+00:00,2026-07-12T06:21:06+00:00,373,0,0,0,0,0,0,0,0,0,0,0,0,false,true,
20260712,29190541120,1,arxiv_daily_recovery,schedule,success,completed,2026-07-12T11:17:16+00:00,2026-07-12T11:22:46+00:00,330,0,0,0,0,0,0,0,0,0,0,0,0,false,true,
20260713,29229261448,1,arxiv_daily_full,schedule,success,completed,2026-07-13T06:32:33+00:00,2026-07-13T06:37:28+00:00,295,0,0,0,0,0,0,0,0,0,0,0,0,false,true,
20260713,29250427760,1,arxiv_daily_recovery,schedule,success,completed,2026-07-13T12:36:07+00:00,2026-07-13T12:42:29+00:00,382,0,0,0,0,0,0,0,0,0,0,0,0,false,true,
20260714,29309185466,1,arxiv_daily_full,schedule,success,completed,2026-07-14T05:42:24+00:00,2026-07-14T05:55:03+00:00,759,178,15,65,98,170,127,43,10,10,0,1.71,7.3,true,true,
20260715,29392143728,1,arxiv_daily_full,schedule,success,completed,2026-07-15T05:43:21+00:00,2026-07-15T05:56:19+00:00,778,178,14,54,110,167,128,39,12,11,1,1.87,7.73,true,true,
20260716,29475232550,1,arxiv_daily_full,schedule,success,completed,2026-07-16T05:56:54+00:00,2026-07-16T06:17:25+00:00,1231,156,10,48,98,151,123,28,10,10,0,1.78,7.6,true,true,
20260717,29558659674,1,arxiv_daily_full,schedule,success,completed,2026-07-17T05:57:51+00:00,2026-07-17T06:44:59+00:00,2828,176,13,63,100,169,135,34,11,6,5,1.81,8.0,true,true,
